K,n_steps,n_transcripts,mean_verify_latency_s,min_verify_latency_s,max_verify_latency_s,mean_evidence_bytes,throughput_transcripts_per_s
16,32,50,0.0008046040206681937,0.0006201430078363046,0.005109140009153634,16748.74,1242.8473812118627
16,64,50,0.0013308841391699389,0.0011492570047266781,0.002284716989379376,33103.36,751.38020701313
16,128,50,0.002736192159936763,0.002295978003530763,0.004545074989437126,65846.02,365.47140754292315
32,32,50,0.0011146667806315237,0.0009579449979355559,0.0018042960000457242,24441.76,897.1290948793162
32,64,50,0.002061624399502762,0.001942974005942233,0.0025128249981207773,48484.42,485.05440672956126
32,128,50,0.004405679498449899,0.003869122010655701,0.007792653996148147,96616.82,226.9797429322404
64,32,50,0.002009793780161999,0.0018712409946601838,0.003656626009615138,39595.48,497.5634862992735
64,64,50,0.0039456087394501085,0.0035205679887440056,0.007418251989292912,78795.9,253.44631615434025
64,128,50,0.007988774219411425,0.007206451002275571,0.01355434299330227,157234.72,125.17564929675471
